{"Model":"Dummy classifier (most frequent)","Slovenian (macro-F1)":0.0277777778,"Slovenian (micro-F1)":0.125,"Croatian (macro-F1)":0.0252808989,"Croatian (micro-F1)":0.1125,"Macedonian (macro-F1)":0.0326086957,"Macedonian (micro-F1)":0.15,"Catalan (macro-F1)":0.0201149425,"Catalan (micro-F1)":0.0875,"Ukrainian (macro-F1)":0.0277777778,"Ukrainian (micro-F1)":0.125,"Icelandic (macro-F1)":0.0326086957,"Icelandic (micro-F1)":0.15,"Albanian (macro-F1)":0.0227272727,"Albanian (micro-F1)":0.1,"Turkish (macro-F1)":0.0302197802,"Turkish (micro-F1)":0.1375,"Greek (macro-F1)":0.0277777778,"Greek (micro-F1)":0.125,"Maltese (macro-F1)":0.0531561462,"Maltese (micro-F1)":0.2285714286}
{"Model":"Dummy Classifier (stratified)","Slovenian (macro-F1)":0.1282066213,"Slovenian (micro-F1)":0.1428571429,"Croatian (macro-F1)":0.0547619048,"Croatian (micro-F1)":0.0641025641,"Macedonian (macro-F1)":0.0649483618,"Macedonian (micro-F1)":0.0649350649,"Catalan (macro-F1)":0.1458441778,"Catalan (micro-F1)":0.1392405063,"Ukrainian (macro-F1)":0.0558333333,"Ukrainian (micro-F1)":0.0636942675,"Icelandic (macro-F1)":0.1453202753,"Icelandic (micro-F1)":0.1666666667,"Albanian (macro-F1)":0.0971743697,"Albanian (micro-F1)":0.101910828,"Turkish (macro-F1)":0.1290920749,"Turkish (micro-F1)":0.1401273885,"Greek (macro-F1)":0.1118814919,"Greek (micro-F1)":0.1139240506,"Maltese (macro-F1)":0.1003591292,"Maltese (micro-F1)":0.1323529412}
{"Model":"Support Vector Machine","Slovenian (macro-F1)":0.4826608187,"Slovenian (micro-F1)":0.4936708861,"Croatian (macro-F1)":0.1965894851,"Croatian (micro-F1)":0.2405063291,"Macedonian (macro-F1)":0.0672348485,"Macedonian (micro-F1)":0.1375,"Catalan (macro-F1)":0.0769466747,"Catalan (micro-F1)":0.1125,"Ukrainian (macro-F1)":0.0578551913,"Ukrainian (micro-F1)":0.1125,"Icelandic (macro-F1)":0.0734126984,"Icelandic (micro-F1)":0.1375,"Albanian (macro-F1)":0.0571392082,"Albanian (micro-F1)":0.1,"Turkish (macro-F1)":0.0929512516,"Turkish (micro-F1)":0.1375,"Greek (macro-F1)":0.1587814914,"Greek (micro-F1)":0.175,"Maltese (macro-F1)":0.0750484809,"Maltese (micro-F1)":0.2}
{"Model":"Logistic Regression","Slovenian (macro-F1)":0.5631925445,"Slovenian (micro-F1)":0.5605095541,"Croatian (macro-F1)":0.116862008,"Croatian (micro-F1)":0.1548387097,"Macedonian (macro-F1)":0.0987822614,"Macedonian (micro-F1)":0.125,"Catalan (macro-F1)":0.0632113821,"Catalan (micro-F1)":0.1375,"Ukrainian (macro-F1)":0.12107585,"Ukrainian (micro-F1)":0.1625,"Icelandic (macro-F1)":0.0747294372,"Icelandic (micro-F1)":0.1132075472,"Albanian (macro-F1)":0.0580560992,"Albanian (micro-F1)":0.15,"Turkish (macro-F1)":0.0961461373,"Turkish (micro-F1)":0.125,"Greek (macro-F1)":0.2233805064,"Greek (micro-F1)":0.2375,"Maltese (macro-F1)":0.0734126984,"Maltese (micro-F1)":0.0714285714}
{"Model":"Naive Bayes","Slovenian (macro-F1)":0.213523976,"Slovenian (micro-F1)":0.3,"Croatian (macro-F1)":0.1392045455,"Croatian (micro-F1)":0.213836478,"Macedonian (macro-F1)":0.1441458903,"Macedonian (micro-F1)":0.1635220126,"Catalan (macro-F1)":0.0997580851,"Catalan (micro-F1)":0.2205882353,"Ukrainian (macro-F1)":0.0799211026,"Ukrainian (micro-F1)":0.125,"Icelandic (macro-F1)":0.0589201878,"Icelandic (micro-F1)":0.1688311688,"Albanian (macro-F1)":0.0878017874,"Albanian (micro-F1)":0.1509433962,"Turkish (macro-F1)":0.0940493167,"Turkish (micro-F1)":0.1257861635,"Greek (macro-F1)":0.0928680397,"Greek (micro-F1)":0.1383647799,"Maltese (macro-F1)":0.0916831249,"Maltese (micro-F1)":0.1}
{"Model":"fastText","Slovenian (macro-F1)":0.4218894994,"Slovenian (micro-F1)":0.4358974359,"Croatian (macro-F1)":0.1686909582,"Croatian (micro-F1)":0.2658227848,"Macedonian (macro-F1)":0.0937621202,"Macedonian (micro-F1)":0.15,"Catalan (macro-F1)":0.0631944444,"Catalan (micro-F1)":0.1383647799,"Ukrainian (macro-F1)":0.1173326035,"Ukrainian (micro-F1)":0.1842105263,"Icelandic (macro-F1)":0.0523678004,"Icelandic (micro-F1)":0.1052631579,"Albanian (macro-F1)":0.0237520129,"Albanian (micro-F1)":0.0625,"Turkish (macro-F1)":0.091842066,"Turkish (micro-F1)":0.1257861635,"Greek (macro-F1)":0.0954643417,"Greek (micro-F1)":0.1383647799,"Maltese (macro-F1)":0.1013824885,"Maltese (micro-F1)":0.1774193548}
{"Model":"GPT-4o-mini (gpt-4o-mini-2024-07-18) (zero-shot)","Slovenian (macro-F1)":0.6701360699,"Slovenian (micro-F1)":0.6625,"Croatian (macro-F1)":0.5918339993,"Croatian (micro-F1)":0.575,"Macedonian (macro-F1)":0.6148190636,"Macedonian (micro-F1)":0.6,"Catalan (macro-F1)":0.7011677171,"Catalan (micro-F1)":0.6875,"Ukrainian (macro-F1)":0.6628941441,"Ukrainian (micro-F1)":0.65,"Icelandic (macro-F1)":0.5411815759,"Icelandic (micro-F1)":0.5125,"Albanian (macro-F1)":0.7689300096,"Albanian (micro-F1)":0.7625,"Turkish (macro-F1)":0.7289251443,"Turkish (micro-F1)":0.7125,"Greek (macro-F1)":0.7397660819,"Greek (micro-F1)":0.7625,"Maltese (macro-F1)":0.527014792,"Maltese (micro-F1)":0.7913669065}
{"Model":"GPT-3.5-Turbo (zero-shot)","Slovenian (macro-F1)":0.6417234082,"Slovenian (micro-F1)":0.6455696203,"Croatian (macro-F1)":0.5708541583,"Croatian (micro-F1)":0.5806451613,"Macedonian (macro-F1)":0.5939518057,"Macedonian (micro-F1)":0.6153846154,"Catalan (macro-F1)":0.6584758689,"Catalan (micro-F1)":0.6540880503,"Ukrainian (macro-F1)":0.5890728186,"Ukrainian (micro-F1)":0.6,"Icelandic (macro-F1)":0.5798484848,"Icelandic (micro-F1)":0.5844155844,"Albanian (macro-F1)":0.6645511816,"Albanian (micro-F1)":0.6751592357,"Turkish (macro-F1)":0.682674936,"Turkish (micro-F1)":0.6967741935,"Greek (macro-F1)":0.6288664697,"Greek (micro-F1)":0.6369426752,"Maltese (macro-F1)":0.3785162907,"Maltese (micro-F1)":0.5223880597}
{"Model":"GPT-4o (gpt-4o-2024-08-06) (zero-shot)","Slovenian (macro-F1)":0.6946436588,"Slovenian (micro-F1)":0.7,"Croatian (macro-F1)":0.7829927732,"Croatian (micro-F1)":0.8,"Macedonian (macro-F1)":0.7222586643,"Macedonian (micro-F1)":0.7375,"Catalan (macro-F1)":0.768792642,"Catalan (micro-F1)":0.75,"Ukrainian (macro-F1)":0.7817687601,"Ukrainian (micro-F1)":0.775,"Icelandic (macro-F1)":0.7945934603,"Icelandic (micro-F1)":0.8,"Albanian (macro-F1)":0.7709981475,"Albanian (micro-F1)":0.7672955975,"Turkish (macro-F1)":0.8146879984,"Turkish (micro-F1)":0.8125,"Greek (macro-F1)":0.7388358924,"Greek (micro-F1)":0.7625,"Maltese (macro-F1)":0.5447763348,"Maltese (micro-F1)":0.7857142857}
{"Model":"[CORE register classifier](https:\/\/huggingface.co\/TurkuNLP\/web-register-classification-multilingual)","Slovenian (macro-F1)":0.6794578615,"Slovenian (micro-F1)":0.6842105263,"Croatian (macro-F1)":0.6160194308,"Croatian (micro-F1)":0.6322580645,"Macedonian (macro-F1)":0.6371461324,"Macedonian (micro-F1)":0.6754966887,"Catalan (macro-F1)":0.6622639673,"Catalan (micro-F1)":0.641509434,"Ukrainian (macro-F1)":0.7689470456,"Ukrainian (micro-F1)":0.7843137255,"Icelandic (macro-F1)":0.5562522401,"Icelandic (micro-F1)":0.5844155844,"Albanian (macro-F1)":0.7089989345,"Albanian (micro-F1)":0.7284768212,"Turkish (macro-F1)":0.7100115877,"Turkish (micro-F1)":0.7210884354,"Greek (macro-F1)":0.7158137201,"Greek (micro-F1)":0.7179487179,"Maltese (macro-F1)":0.0,"Maltese (micro-F1)":0.0}
{"Model":"NLI zero-shot model ([mDeBERTa-v3-base-mnli-xnli](https:\/\/huggingface.co\/MoritzLaurer\/mDeBERTa-v3-base-mnli-xnli))","Slovenian (macro-F1)":0.1311769113,"Slovenian (micro-F1)":0.1571428571,"Croatian (macro-F1)":0.1185606061,"Croatian (micro-F1)":0.1692307692,"Macedonian (macro-F1)":0.1961143695,"Macedonian (micro-F1)":0.2133333333,"Catalan (macro-F1)":0.1682156924,"Catalan (micro-F1)":0.1870503597,"Ukrainian (macro-F1)":0.0663165266,"Ukrainian (micro-F1)":0.1014492754,"Icelandic (macro-F1)":0.1708798594,"Icelandic (micro-F1)":0.2014388489,"Albanian (macro-F1)":0.2069820049,"Albanian (micro-F1)":0.2127659574,"Turkish (macro-F1)":0.163951002,"Turkish (micro-F1)":0.2028985507,"Greek (macro-F1)":0.1957659987,"Greek (micro-F1)":0.2,"Maltese (macro-F1)":0.1663010032,"Maltese (micro-F1)":0.25}
{"Model":"DeepSeek-R1 14B (zero-shot)","Slovenian (macro-F1)":0.180372807,